<project name="Troubleshoot" default="printenv" basedir=".">
	<!-- read per-tutor config file -->
	<property file="${user.home}/compiler-construction-ws2012.properties" />
	
	<!-- read per-exercise config file -->
	<property file="project.properties" />

	<!-- where to find my libs -->
	<property name="junit.jar.location" 
		location="${library.jars.dir}/junit.jar"/>
	<property name="checkstyle.jar.location" 
	    location="${library.jars.dir}/checkstyle-5.6-all.jar"/>
	<property name="sablecc.jar.location"
       	location="${library.jars.dir}/sablecc.jar"/>

	<!-- where to find checkstyle style file -->
	<property name="checkstyle.config.file" 
	    value="${library.jars.dir}/checkstyle/checkstyle-config.xml"/>

	<!-- source dirs -->
	<property name="src.student" value="src/" />
	<property name="src.test.student" value="student-test-src/" />
	<property name="src.test.teacher" value="teacher-test-src/" />
	<property name="src.reference" value="reference-src/" />

	<property name="grammar.dir" value="grammar/" />
	<property name="grammar.gensrc.dir" value="generated-src/" />


	<!-- bin dirs -->
	<property name="bin" location="bin" />
	<property name="bin.sut.student" location="${bin}"/>

	<property name="output.jar.dir" location="output/" />
	<property name="jarname" value="PLEASE_EDIT_projectproperties.jar"/>
	<property name="output.jar.file" location="${output.jar.dir}/${jarname}"/>

	<!-- test report dirs -->
	<property name="reports.dir" location="reports" />

	<!-- checkstyle output -->
	<property name="reports.checkstyle.dir" 
	    location="${reports.dir}/checkstyle" />
	<property name="reports.checkstyle.file" 
	    location="${reports.checkstyle.dir}/checkstyle_report.xml" />

	<!-- The CheckStyle and SableCC tasks -->
	<path id="tools.classpath">
		<pathelement path="${checkstyle.jar.location}"/>
		<pathelement path="${sablecc.jar.location}"/>
		<pathelement path="${ant.core.lib}"/>
	</path>

	<target name="printenv" description="Print important configuration variables" >
		<echo>
Some properties and their values:
			
ant.home = ${ant.home}
ant.library.dir = ${ant.library.dir}
user.home = ${user.home}
			
Derived from your per-user config file:
library.jars.dir = ${library.jars.dir}
sablecc.jar.location = ${sablecc.jar.location}
			
Derived from your per-project config file:
mainclass = ${mainclass}
jarname = ${jarname}
		</echo>
	</target>
	
</project>
