<?xml version="1.0" encoding="UTF-8"?>
<!DOCTYPE module PUBLIC "-//Puppy Crawl//DTD Check Configuration 1.3//EN" "http://www.puppycrawl.com/dtds/configuration_1_3.dtd">

<!-- Checkstyle-Configuration: Proglang Java SS2013 Description: none -->
<module name="Checker">
	<module name="TreeWalker">
		<module name="JavadocMethod">
			<property name="allowUndeclaredRTE" value="true" />
		</module>
		<module name="JavadocVariable">
			<property name="excludeScope" value="private" />
		</module>
		<module name="JavadocType" />
		<module name="VisibilityModifier">
			<property name="protectedAllowed" value="true" />
		</module>
		<module name="MemberName" />
		<module name="StaticVariableName" />
		<module name="ConstantName" />
		<module name="LocalVariableName" />
		<module name="ParameterName" />
		<module name="MethodName" />
		<module name="TypeName" />
	</module>
</module>