<?xml version="1.0"?>
<!DOCTYPE module PUBLIC "-//Puppy Crawl//DTD Check Configuration 1.1//EN"
     "http://www.puppycrawl.com/dtds/configuration_1_1.dtd">
<module name="Checker">
  <module name="TreeWalker">
    <module name="JavadocMethod">
      <property name="scope" value="package"/>
      <property name="allowUndeclaredRTE" value="true"/>
    </module>
    <module name="JavadocVariable">
      <property name="scope" value="private"/>
    </module>
    <module name="JavadocType">
    </module>
  </module>
</module>
